{"cameraMode":{"drawMode":0,"name":"Shaded","section":"Shading Mode"},"sceneLighting":false,"audioPlay":false,"sceneViewState":{"showFog":true,"showMaterialUpdate":true,"showSkybox":false,"showFlares":true,"showImageEffects":true,"showParticleSystems":true},"in2DMode":false,"pivot":{"x":-15.531000137329102,"y":9.168000221252442,"z":-0.032000064849853519},"rotation":{"x":-0.36464715003967287,"y":-0.5997365117073059,"z":0.3518854081630707,"w":-0.6195576190948486},"size":27.088260650634767,"orthographic":false}