{"cameraMode":{"drawMode":0,"name":"Shaded","section":"Shading Mode"},"sceneLighting":false,"audioPlay":false,"sceneViewState":{"showFog":true,"showMaterialUpdate":true,"showSkybox":false,"showFlares":true,"showImageEffects":true,"showParticleSystems":true},"in2DMode":false,"pivot":{"x":-0.05931800603866577,"y":1.1479814052581788,"z":0.00904470682144165},"rotation":{"x":0.5296281576156616,"y":0.128175288438797,"z":-0.08134524524211884,"w":0.8345358371734619},"size":6.360836505889893,"orthographic":false}