{"cameraMode":{"drawMode":0,"name":"Shaded","section":"Shading Mode"},"sceneLighting":false,"audioPlay":false,"sceneViewState":{"showFog":true,"showMaterialUpdate":true,"showSkybox":false,"showFlares":true,"showImageEffects":true,"showParticleSystems":true},"in2DMode":false,"pivot":{"x":1.4944243431091309,"y":1.663858413696289,"z":-8.147371292114258},"rotation":{"x":-0.12843738496303559,"y":-0.4796539545059204,"z":0.07108185440301895,"w":-0.8652275800704956},"size":9.834604263305664,"orthographic":false}