{"cameraMode":{"drawMode":0,"name":"Shaded","section":"Shading Mode"},"sceneLighting":false,"audioPlay":false,"sceneViewState":{"showFog":false,"showMaterialUpdate":false,"showSkybox":false,"showFlares":false,"showImageEffects":false,"showParticleSystems":false},"in2DMode":false,"pivot":{"x":-12.786741256713868,"y":2.069664478302002,"z":-14.282475471496582},"rotation":{"x":0.08344985544681549,"y":0.6618973612785339,"z":-0.07111698389053345,"w":0.7418501377105713},"size":1.3419725894927979,"orthographic":false}