{"cameraMode":{"drawMode":0,"name":"Shaded","section":"Shading Mode"},"sceneLighting":true,"audioPlay":false,"sceneViewState":{"showFog":true,"showMaterialUpdate":true,"showSkybox":true,"showFlares":true,"showImageEffects":true,"showParticleSystems":true},"in2DMode":false,"pivot":{"x":-17.40231704711914,"y":3.3242886066436769,"z":-9.098716735839844},"rotation":{"x":0.23615580797195435,"y":0.5080864429473877,"z":-0.14720338582992555,"w":0.8151149749755859},"size":1.6832141876220704,"orthographic":false}