{"cameraMode":{"drawMode":0,"name":"Shaded","section":"Shading Mode"},"sceneLighting":false,"audioPlay":false,"sceneViewState":{"showFog":false,"showMaterialUpdate":false,"showSkybox":false,"showFlares":false,"showImageEffects":false,"showParticleSystems":false},"in2DMode":false,"pivot":{"x":1.0228960514068604,"y":-0.08533859252929688,"z":3.3685238361358644},"rotation":{"x":0.19329209625720979,"y":0.37641313672065737,"z":-0.07648986577987671,"w":0.9031451940536499},"size":7.164587497711182,"orthographic":false}