{"cameraMode":{"drawMode":0,"name":"Shaded","section":"Shading Mode"},"sceneLighting":false,"audioPlay":false,"sceneViewState":{"showFog":true,"showMaterialUpdate":true,"showSkybox":false,"showFlares":true,"showImageEffects":true,"showParticleSystems":true},"in2DMode":false,"pivot":{"x":924.545654296875,"y":569.6204223632813,"z":-172.50125122070313},"rotation":{"x":0.35207220911979678,"y":0.03171892836689949,"z":-0.011939316987991333,"w":0.9353601932525635},"size":834.7669067382813,"orthographic":false}