{"cameraMode":{"drawMode":0,"name":"Shaded","section":"Shading Mode"},"sceneLighting":false,"audioPlay":false,"sceneViewState":{"showFog":true,"showMaterialUpdate":true,"showSkybox":false,"showFlares":true,"showImageEffects":true,"showParticleSystems":true},"in2DMode":false,"pivot":{"x":-16.474796295166017,"y":1.978166103363037,"z":-8.255294799804688},"rotation":{"x":-0.09978708624839783,"y":-0.584144115447998,"z":0.07193774729967118,"w":-0.8024322390556336},"size":2.819655179977417,"orthographic":false}