{"cameraMode":{"drawMode":0,"name":"Shaded","section":"Shading Mode"},"sceneLighting":false,"audioPlay":false,"sceneViewState":{"showFog":true,"showMaterialUpdate":true,"showSkybox":false,"showFlares":true,"showImageEffects":true,"showParticleSystems":true},"in2DMode":false,"pivot":{"x":-16.06999969482422,"y":9.215999603271485,"z":-0.015999794006347657},"rotation":{"x":-0.36464715003967287,"y":-0.5997365117073059,"z":0.3518854081630707,"w":-0.6195576190948486},"size":26.807157516479493,"orthographic":false}