{"cameraMode":{"drawMode":0,"name":"Shaded","section":"Shading Mode"},"sceneLighting":false,"audioPlay":false,"sceneViewState":{"showFog":false,"showMaterialUpdate":false,"showSkybox":false,"showFlares":false,"showImageEffects":false,"showParticleSystems":false},"in2DMode":false,"pivot":{"x":-79.48165130615235,"y":1.1032838821411133,"z":1.6666169166564942},"rotation":{"x":0.095253124833107,"y":0.04920534789562225,"z":-0.0011477908119559289,"w":0.9945284724235535},"size":3.7863543033599855,"orthographic":false}