{"cameraMode":{"drawMode":0,"name":"Shaded","section":"Shading Mode"},"sceneLighting":false,"audioPlay":false,"sceneViewState":{"showFog":false,"showMaterialUpdate":false,"showSkybox":false,"showFlares":false,"showImageEffects":false,"showParticleSystems":false},"in2DMode":false,"pivot":{"x":-9.675590515136719,"y":1.5579365491867066,"z":-10.633956909179688},"rotation":{"x":-0.07014946639537811,"y":-0.4861501455307007,"z":0.03792842850089073,"w":-0.8704489469528198},"size":2.6251018047332765,"orthographic":false}