{"cameraMode":{"drawMode":0,"name":"Shaded","section":"Shading Mode"},"sceneLighting":false,"audioPlay":false,"sceneViewState":{"showFog":true,"showMaterialUpdate":true,"showSkybox":false,"showFlares":true,"showImageEffects":true,"showParticleSystems":true},"in2DMode":false,"pivot":{"x":181.63864135742188,"y":939.3751220703125,"z":0.748138427734375},"rotation":{"x":-0.031792812049388888,"y":-0.025522058829665185,"z":0.0008647221839055419,"w":-0.9991944432258606},"size":367.9854736328125,"orthographic":false}