{"cameraMode":{"drawMode":0,"name":"Shaded","section":"Shading Mode"},"sceneLighting":true,"audioPlay":false,"sceneViewState":{"showFog":true,"showMaterialUpdate":true,"showSkybox":false,"showFlares":true,"showImageEffects":true,"showParticleSystems":true},"in2DMode":false,"pivot":{"x":-35.55913162231445,"y":-0.6378002166748047,"z":-9.505818367004395},"rotation":{"x":-0.17876659333705903,"y":0.5886819958686829,"z":-0.13647739589214326,"w":-0.776661217212677},"size":31.90062713623047,"orthographic":false}