{"cameraMode":{"drawMode":0,"name":"Shaded","section":"Shading Mode"},"sceneLighting":false,"audioPlay":false,"sceneViewState":{"showFog":true,"showMaterialUpdate":true,"showSkybox":false,"showFlares":true,"showImageEffects":true,"showParticleSystems":true},"in2DMode":false,"pivot":{"x":0.0,"y":0.6983722448348999,"z":-0.16245055198669434},"rotation":{"x":0.20550377666950227,"y":0.014090125449001789,"z":-0.0029592469800263645,"w":0.9785509705543518},"size":3.3387575149536135,"orthographic":false}