{"cameraMode":{"drawMode":0,"name":"Shaded","section":"Shading Mode"},"sceneLighting":false,"audioPlay":false,"sceneViewState":{"showFog":true,"showMaterialUpdate":true,"showSkybox":false,"showFlares":true,"showImageEffects":true,"showParticleSystems":true},"in2DMode":false,"pivot":{"x":2.384185791015625e-7,"y":2.4950809478759767,"z":-0.00000476837158203125},"rotation":{"x":-0.11067302525043488,"y":0.28555670380592348,"z":-0.03321891650557518,"w":-0.9513702392578125},"size":10.41672134399414,"orthographic":false}