{"cameraMode":{"drawMode":0,"name":"Shaded","section":"Shading Mode"},"sceneLighting":false,"audioPlay":false,"sceneViewState":{"showFog":true,"showMaterialUpdate":true,"showSkybox":false,"showFlares":true,"showImageEffects":true,"showParticleSystems":true},"in2DMode":false,"pivot":{"x":14.265096664428711,"y":-2.639982223510742,"z":5.627572059631348},"rotation":{"x":0.304749459028244,"y":0.6231237649917603,"z":-0.28751835227012637,"w":0.6604559421539307},"size":7.288894176483154,"orthographic":false}