{"cameraMode":{"drawMode":0,"name":"Shaded","section":"Shading Mode"},"sceneLighting":false,"audioPlay":false,"sceneViewState":{"showFog":true,"showMaterialUpdate":true,"showSkybox":false,"showFlares":true,"showImageEffects":true,"showParticleSystems":true},"in2DMode":false,"pivot":{"x":238.4000244140625,"y":978.0250244140625,"z":0.0},"rotation":{"x":-0.031792812049388888,"y":-0.025522058829665185,"z":0.0008647221839055419,"w":-0.9991944432258606},"size":804.9581909179688,"orthographic":false}