{"cameraMode":{"drawMode":0,"name":"Shaded","section":"Shading Mode"},"sceneLighting":false,"audioPlay":false,"sceneViewState":{"showFog":true,"showMaterialUpdate":true,"showSkybox":false,"showFlares":true,"showImageEffects":true,"showParticleSystems":true},"in2DMode":false,"pivot":{"x":73.0,"y":999.800048828125,"z":5.96050000467585e-8},"rotation":{"x":-0.031792812049388888,"y":-0.025522058829665185,"z":0.0008647221839055419,"w":-0.9991944432258606},"size":357.177490234375,"orthographic":true}