{"cameraMode":{"drawMode":0,"name":"Shaded","section":"Shading Mode"},"sceneLighting":false,"audioPlay":false,"sceneViewState":{"showFog":true,"showMaterialUpdate":true,"showSkybox":false,"showFlares":true,"showImageEffects":true,"showParticleSystems":true},"in2DMode":false,"pivot":{"x":761.8819580078125,"y":402.38958740234377,"z":-141.82305908203126},"rotation":{"x":0.42642390727996828,"y":0.04013699293136597,"z":-0.01894502155482769,"w":0.9034351110458374},"size":500.24530029296877,"orthographic":false}