{"cameraMode":{"drawMode":0,"name":"Shaded","section":"Shading Mode"},"sceneLighting":false,"audioPlay":false,"sceneViewState":{"showFog":true,"showMaterialUpdate":true,"showSkybox":false,"showFlares":true,"showImageEffects":true,"showParticleSystems":true},"in2DMode":false,"pivot":{"x":-19.070890426635743,"y":1.0975439548492432,"z":-8.799943923950196},"rotation":{"x":-0.0010928564006462694,"y":0.7716701626777649,"z":-0.00144501484464854,"w":-0.6362003684043884},"size":6.632061004638672,"orthographic":false}