{"cameraMode":{"drawMode":0,"name":"Shaded","section":"Shading Mode"},"sceneLighting":false,"audioPlay":false,"sceneViewState":{"showFog":false,"showMaterialUpdate":false,"showSkybox":false,"showFlares":false,"showImageEffects":false,"showParticleSystems":false},"in2DMode":false,"pivot":{"x":-14.817689895629883,"y":1.5067905187606812,"z":-13.88334846496582},"rotation":{"x":-0.002488285768777132,"y":0.9212956428527832,"z":0.011641141958534718,"w":0.3892754316329956},"size":0.7613484263420105,"orthographic":false}