{"cameraMode":{"drawMode":0,"name":"Shaded","section":"Shading Mode"},"sceneLighting":true,"audioPlay":false,"sceneViewState":{"showFog":true,"showMaterialUpdate":true,"showSkybox":false,"showFlares":true,"showImageEffects":true,"showParticleSystems":true},"in2DMode":false,"pivot":{"x":-15.84000015258789,"y":9.770000457763672,"z":-15.859999656677246},"rotation":{"x":-0.23907093703746797,"y":-0.7036330699920654,"z":0.27425533533096316,"w":-0.6106227040290833},"size":52.01348114013672,"orthographic":false}